filename,w,h,uses,pages,what,status,current_url
BOlF1Ku.png,2500,400,1,1,Front cover,at risk,https://i.imgur.com/BOlF1Ku.png
EuPxq9o.jpeg,1920,1080,1,1,Front cover,at risk,https://i.imgur.com/EuPxq9o.jpeg
hBdjwi6.png,1500,750,1,1,Front cover,at risk,https://i.imgur.com/hBdjwi6.png
LyG6SdT.png,1600,500,1,1,Front cover,at risk,https://i.imgur.com/LyG6SdT.png
SGYtcP2.png,1770,90,1,1,Front cover,at risk,https://i.imgur.com/SGYtcP2.png
BotW_Hyrule_Field.png,1920,1080,2,"3, 340",Before You Begin,stable (Zelda Wiki),https://cdn.wikimg.net/en/zeldawiki/images/7/77/BotW_Hyrule_Field.png
races-chapter-banner.jpg,1280,720,2,17,Races of Hyrule,at risk,https://www.gamespot.com/a/uploads/original/1406/14063904/3328356-0823536768-3fe1ebe7bc0f16bc87a947761fc32b1b
73Jhagl.png,360,429,1,18,Deku,at risk,https://i.imgur.com/73Jhagl.png
DTCTlG2.png,960,960,19,"18, 19, 20, 21, 22, 23, 25, 26, 27, 29 …",Deku,at risk,https://i.imgur.com/DTCTlG2.png
f3pjCRO.png,250,327,1,19,,at risk,https://i.imgur.com/f3pjCRO.png
vGeJq8o.png,1254,1254,1,19,,at risk,https://i.imgur.com/vGeJq8o.png
mUYvYG7.png,1024,994,1,20,Gerudo,at risk,https://i.imgur.com/mUYvYG7.png
9oVFX5O.png,1920,1080,1,21,,at risk,https://i.imgur.com/9oVFX5O.png
GiKZX1r.png,545,659,1,21,,at risk,https://i.imgur.com/GiKZX1r.png
aHhGMJa.png,1024,956,1,22,Goron,at risk,https://i.imgur.com/aHhGMJa.png
qiuSnsF.png,467,599,1,22,Goron,at risk,https://i.imgur.com/qiuSnsF.png
oSo9nxL.png,1000,1245,1,23,,at risk,https://i.imgur.com/oSo9nxL.png
EZTyS3f.png,1280,720,1,24,,at risk,https://i.imgur.com/EZTyS3f.png
hCt9pcZ.png,629,1195,1,25,Hylian,at risk,https://i.imgur.com/hCt9pcZ.png
MFqB272.png,988,525,1,25,Hylian,at risk,https://i.imgur.com/MFqB272.png
sKH2AP2.png,250,136,1,25,Hylian,at risk,https://i.imgur.com/sKH2AP2.png
tS1UFxB.png,2631,1567,1,25,Hylian,at risk,https://i.imgur.com/tS1UFxB.png
5HK6Lyx.png,649,600,1,26,,at risk,https://i.imgur.com/5HK6Lyx.png
NMuksuF.png,1000,2786,1,27,Kokiri,at risk,https://i.imgur.com/NMuksuF.png
wFufXFC.png,465,530,1,27,Kokiri,at risk,https://i.imgur.com/wFufXFC.png
P1826Hk.png,591,1002,1,29,Rito,at risk,https://i.imgur.com/P1826Hk.png
8oNGgBC.png,525,599,1,30,,at risk,https://i.imgur.com/8oNGgBC.png
JxdBzRp.png,800,1521,1,30,,at risk,https://i.imgur.com/JxdBzRp.png
Vs5hfi6.png,1000,1000,1,31,Sheikah,at risk,https://i.imgur.com/Vs5hfi6.png
I0trD6o.png,541,632,1,32,,at risk,https://i.imgur.com/I0trD6o.png
SfgxLpk.png,541,632,1,32,,at risk,https://i.imgur.com/SfgxLpk.png
sHctIdH.png,1200,1200,1,32,,at risk,https://i.imgur.com/sHctIdH.png
eL3t3tP.png,1000,2578,1,33,Twili,at risk,https://i.imgur.com/eL3t3tP.png
0KAaghz.jpeg,2560,1440,2,"34, 36",,at risk,https://i.imgur.com/0KAaghz.jpeg
3SCA4ON.png,1200,926,1,34,,at risk,https://i.imgur.com/3SCA4ON.png
SbNrNVb.png,1280,1280,1,34,,at risk,https://i.imgur.com/SbNrNVb.png
AoI_Rauru_Artwork.png,2761,4000,1,35,Zonai,stable (Zelda Wiki),https://cdn.wikimg.net/en/zeldawiki/images/0/02/AoI_Rauru_Artwork.png
9VrSP0M.png,521,602,1,36,,at risk,https://i.imgur.com/9VrSP0M.png
SAJysue.png,1200,1296,1,36,,at risk,https://i.imgur.com/SAJysue.png
ZHRZsGh.png,800,848,1,37,Zora,at risk,https://i.imgur.com/ZHRZsGh.png
SltZmzp.png,544,475,1,38,,at risk,https://i.imgur.com/SltZmzp.png
ZgOezio.png,1000,765,1,39,Mechanics,at risk,https://i.imgur.com/ZgOezio.png
BotW_Edge_Cover_Official_Illustration.png,1000,1261,1,40,Temperature,at risk,https://www.zeldadungeon.net/wiki/images/3/3e/BotW_Edge_Cover_Official_Illustration.png
Link_has_a_pumpkin_to_climb_-_BOTW_art.jpg,1920,1080,1,40,Temperature,at risk,https://www.zeldadungeon.net/wiki/images/f/f3/Link_has_a_pumpkin_to_climb_-_BOTW_art.jpg
OP2nEFk.jpeg,800,536,1,47,Classes,at risk,https://i.imgur.com/OP2nEFk.jpeg
jDww5YJ.png,600,940,1,48,Adventurer,at risk,https://i.imgur.com/jDww5YJ.png
JyOYvNH.png,925,1004,1,55,Blightbound,at risk,https://i.imgur.com/JyOYvNH.png
U7MvzEj.png,563,563,1,61,Champion,at risk,https://i.imgur.com/U7MvzEj.png
BKmST6S.png,1191,2119,1,67,Goddess Chanter,at risk,https://i.imgur.com/BKmST6S.png
DxbYt4E.png,644,738,1,70,,at risk,https://i.imgur.com/DxbYt4E.png
QLNc1ke.png,386,580,1,71,,at risk,https://i.imgur.com/QLNc1ke.png
uHbMTtF.png,1000,1419,1,73,Interloper,at risk,https://i.imgur.com/uHbMTtF.png
hbvMrIc.png,524,516,1,80,Masked Wanderer,at risk,https://i.imgur.com/hbvMrIc.png
XwoUJlb.png,2400,2141,1,85,Ranger,at risk,https://i.imgur.com/XwoUJlb.png
yBH7OfY.png,950,1360,1,92,Sage,at risk,https://i.imgur.com/yBH7OfY.png
oNiuhuv.png,1000,1976,1,94,,at risk,https://i.imgur.com/oNiuhuv.png
lT19jIF.png,1000,1972,1,97,Shaman,at risk,https://i.imgur.com/lT19jIF.png
Szrvaep.png,1000,1872,1,106,Veilblade,at risk,https://i.imgur.com/Szrvaep.png
QrukhZY.png,250,269,3,"112, 119, 126",Backgrounds,at risk,https://i.imgur.com/QrukhZY.png
zRTSHVc.png,1280,1216,2,"176, 236",Enemies,at risk,https://i.imgur.com/zRTSHVc.png
KPqIn2U.png,640,597,1,179,Red Bokoblin,at risk,https://i.imgur.com/KPqIn2U.png
n9JWScA.png,598,417,1,179,Red Bokoblin,at risk,https://i.imgur.com/n9JWScA.png
KBIAFj4.png,520,600,1,180,Blue Bokoblin,at risk,https://i.imgur.com/KBIAFj4.png
KNqxBYH.png,642,599,1,180,Blue Bokoblin,at risk,https://i.imgur.com/KNqxBYH.png
yN8Jcei.png,1800,2200,1,181,Silver Bokoblin,at risk,https://i.imgur.com/yN8Jcei.png
sHGb2Ad.png,514,600,1,182,Red Moblin,at risk,https://i.imgur.com/sHGb2Ad.png
TotK_Black_Horriblin_Model_2.png,1282,1419,1,186,Black Horriblin,stable (Zelda Wiki),https://cdn.wikimg.net/en/zeldawiki/images/d/dd/TotK_Black_Horriblin_Model_2.png
wDN67zd.png,800,1208,1,189,Variants,at risk,https://i.imgur.com/wDN67zd.png
EoW_Armos_Model_2.png,749,919,1,191,Armos,stable (Zelda Wiki),https://cdn.wikimg.net/en/zeldawiki/images/6/6f/EoW_Armos_Model_2.png
KDT1jkV.png,904,1502,1,193,Great Beamos,at risk,https://i.imgur.com/KDT1jkV.png
TP_Beamos_Model.png,904,1502,1,194,Beamos,stable (Zelda Wiki),https://cdn.wikimg.net/en/zeldawiki/images/5/5c/TP_Beamos_Model.png
TWW_Red_Bubble_%26_Blue_Bubble_Figurine_Model.png,853,940,1,195,Bubble,stable (Zelda Wiki),https://cdn.wikimg.net/en/zeldawiki/images/e/e8/TWW_Red_Bubble_%26_Blue_Bubble_Figurine_Model.png
OoT_Deku_Baba_Model_2.png,250,562,1,205,Deku Baba,stable (Zelda Wiki),https://cdn.wikimg.net/en/zeldawiki/images/7/77/OoT_Deku_Baba_Model_2.png
MM3D_Deku_Scrub_Model_4.png,525,553,1,206,Deku Scrub,stable (Zelda Wiki),https://cdn.wikimg.net/en/zeldawiki/images/1/1a/MM3D_Deku_Scrub_Model_4.png
EoW_Gibdo_Model_2.png,736,924,1,209,Gibdo,stable (Zelda Wiki),https://cdn.wikimg.net/en/zeldawiki/images/7/7e/EoW_Gibdo_Model_2.png
TP_Helmasaur_Model.png,818,686,1,210,Helmasaur,stable (Zelda Wiki),https://cdn.wikimg.net/en/zeldawiki/images/5/58/TP_Helmasaur_Model.png
TotK_Keese_Model_2.png,2346,904,1,211,Keese,stable (Zelda Wiki),https://cdn.wikimg.net/en/zeldawiki/images/3/36/TotK_Keese_Model_2.png
OoT_Leever_Model_2.png,338,391,1,212,Leever,stable (Zelda Wiki),https://cdn.wikimg.net/en/zeldawiki/images/2/25/OoT_Leever_Model_2.png
TotK_Blue_Lizalfos_Model_2.png,794,1393,1,216,Blue Lizalfos,stable (Zelda Wiki),https://cdn.wikimg.net/en/zeldawiki/images/2/24/TotK_Blue_Lizalfos_Model_2.png
TotK_Black_Lizalfos_Model_2.png,983,1400,1,217,Black Lizalfos,stable (Zelda Wiki),https://cdn.wikimg.net/en/zeldawiki/images/0/01/TotK_Black_Lizalfos_Model_2.png
OoT_Dinolfos_Model.png,293,493,1,219,Dinolfos,stable (Zelda Wiki),https://cdn.wikimg.net/en/zeldawiki/images/4/4b/OoT_Dinolfos_Model.png
BotW_Forest_Octorok_Model.png,200,324,1,224,Forest Octorok,stable (Zelda Wiki),https://cdn.wikimg.net/en/zeldawiki/images/d/d6/BotW_Forest_Octorok_Model.png
BotW_Snow_Octorok_Model.png,248,386,1,226,Snow Octorok,stable (Zelda Wiki),https://cdn.wikimg.net/en/zeldawiki/images/e/ee/BotW_Snow_Octorok_Model.png
BotW_Sky_Octorok_Platform_Model_2.png,2600,1800,1,227,Sky Octorok,stable (Zelda Wiki),https://cdn.wikimg.net/en/zeldawiki/images/5/53/BotW_Sky_Octorok_Platform_Model_2.png
EoW_Peahat_Model_2.png,1900,2100,1,228,Peahat,stable (Zelda Wiki),https://cdn.wikimg.net/en/zeldawiki/images/f/f0/EoW_Peahat_Model_2.png
TWW_Poe_Model_2.png,717,932,1,229,Poe,stable (Zelda Wiki),https://cdn.wikimg.net/en/zeldawiki/images/c/cc/TWW_Poe_Model_2.png
EoW_ReDead_Model_2.png,842,911,1,230,ReDead,stable (Zelda Wiki),https://cdn.wikimg.net/en/zeldawiki/images/b/b8/EoW_ReDead_Model_2.png
TP_Skulltula_Model_2.png,1310,760,1,231,Skulltula,stable (Zelda Wiki),https://cdn.wikimg.net/en/zeldawiki/images/3/3c/TP_Skulltula_Model_2.png
OoT3D_Stalfos_Model_2.png,575,757,1,232,Stalfos,stable (Zelda Wiki),https://cdn.wikimg.net/en/zeldawiki/images/3/32/OoT3D_Stalfos_Model_2.png
EoW_Tektite_Model_2.png,2200,2100,1,233,Tektite,stable (Zelda Wiki),https://cdn.wikimg.net/en/zeldawiki/images/0/0b/EoW_Tektite_Model_2.png
MM_White_Wolfos_Model_3.png,336,461,1,235,Wolfos,stable (Zelda Wiki),https://cdn.wikimg.net/en/zeldawiki/images/f/f7/MM_White_Wolfos_Model_3.png
Vks1u2V.png,1280,888,1,237,"Gohma, Parasite of the Deep Root",at risk,https://i.imgur.com/Vks1u2V.png
HYGjSel.png,800,575,1,240,King Dodongo,at risk,https://i.imgur.com/HYGjSel.png
Xq8hrXE.png,2487,1394,1,244,Stone Talus,at risk,https://i.imgur.com/Xq8hrXE.png
ZseWIOm.png,1000,755,1,247,Morpheel,at risk,https://i.imgur.com/ZseWIOm.png
wxWjIDc.png,480,480,1,254,Items,at risk,https://i.imgur.com/wxWjIDc.png
nqCQhOm.png,640,520,1,280,Relics,at risk,https://i.imgur.com/nqCQhOm.png
Jlrk6rP.png,1200,2100,1,285,The Master Sword,at risk,https://i.imgur.com/Jlrk6rP.png
clWn37d.png,618,401,1,287,The Goddess Sword and Sacred Flames,at risk,https://i.imgur.com/clWn37d.png
qNg6Qbo.png,618,401,1,287,The Goddess Sword and Sacred Flames,at risk,https://i.imgur.com/qNg6Qbo.png
sUc8XRV.png,618,401,1,287,The Goddess Sword and Sacred Flames,at risk,https://i.imgur.com/sUc8XRV.png
5ZOrYh7.png,600,600,1,289,,at risk,https://i.imgur.com/5ZOrYh7.png
BGwXHYl.png,600,600,1,289,,at risk,https://i.imgur.com/BGwXHYl.png
eoKYHgt.png,600,600,1,289,,at risk,https://i.imgur.com/eoKYHgt.png
NePgY5R.png,600,600,1,289,,at risk,https://i.imgur.com/NePgY5R.png
nEYGYjB.png,600,600,1,289,,at risk,https://i.imgur.com/nEYGYjB.png
RBMW6l3.png,600,600,1,289,,at risk,https://i.imgur.com/RBMW6l3.png
czftaKM.png,56,55,1,290,The Four Elements,at risk,https://i.imgur.com/czftaKM.png
fr5MmwX.png,57,59,1,290,The Four Elements,at risk,https://i.imgur.com/fr5MmwX.png
frHOB80.png,60,56,1,290,The Four Elements,at risk,https://i.imgur.com/frHOB80.png
WXqX3a9.png,59,54,1,290,The Four Elements,at risk,https://i.imgur.com/WXqX3a9.png
i26o1Z6.png,396,600,1,299,DM Guide,at risk,https://i.imgur.com/i26o1Z6.png
